{
    "name": "root",
    "metadata": {
        "timer_format_version": "0.1.0",
        "start_time_seconds": "1648660888",
        "python_version": "3.7.13 (default, Mar 16 2022, 20:46:34) \n[Clang 13.0.0 (clang-1300.0.29.30)]",
        "command_line_arguments": "/usr/local/bin/mlagents-learn --run-id=test2",
        "mlagents_version": "0.27.0",
        "mlagents_envs_version": "0.27.0",
        "communication_protocol_version": "1.5.0",
        "pytorch_version": "1.8.1",
        "numpy_version": "1.21.5",
        "end_time_seconds": "1648660909"
    },
    "total": 20.569820958999998,
    "count": 1,
    "self": 0.005017750999996906,
    "children": {
        "run_training.setup": {
            "total": 0.0189277080000001,
            "count": 1,
            "self": 0.0189277080000001
        },
        "TrainerController.start_learning": {
            "total": 20.5458755,
            "count": 1,
            "self": 0.01917086899998921,
            "children": {
                "TrainerController._reset_env": {
                    "total": 10.1261415,
                    "count": 1,
                    "self": 10.1261415
                },
                "TrainerController.advance": {
                    "total": 10.313747547000018,
                    "count": 1441,
                    "self": 0.018538789999951177,
                    "children": {
                        "env_step": {
                            "total": 10.164822287000053,
                            "count": 1441,
                            "self": 9.467636997000072,
                            "children": {
                                "SubprocessEnvManager._take_step": {
                                    "total": 0.6849105539999911,
                                    "count": 1441,
                                    "self": 0.04745086399996268,
                                    "children": {
                                        "TorchPolicy.evaluate": {
                                            "total": 0.6374596900000284,
                                            "count": 1441,
                                            "self": 0.12625668200009343,
                                            "children": {
                                                "TorchPolicy.sample_actions": {
                                                    "total": 0.511203007999935,
                                                    "count": 1441,
                                                    "self": 0.511203007999935
                                                }
                                            }
                                        }
                                    }
                                },
                                "workers": {
                                    "total": 0.012274735999989517,
                                    "count": 1440,
                                    "self": 0.0,
                                    "children": {
                                        "worker_root": {
                                            "total": 20.43116747799995,
                                            "count": 1440,
                                            "is_parallel": true,
                                            "self": 11.776876140999889,
                                            "children": {
                                                "run_training.setup": {
                                                    "total": 0.0,
                                                    "count": 0,
                                                    "is_parallel": true,
                                                    "self": 0.0,
                                                    "children": {
                                                        "steps_from_proto": {
                                                            "total": 0.003789666999999497,
                                                            "count": 1,
                                                            "is_parallel": true,
                                                            "self": 0.0007123740000007928,
                                                            "children": {
                                                                "_process_rank_one_or_two_observation": {
                                                                    "total": 0.003077292999998704,
                                                                    "count": 2,
                                                                    "is_parallel": true,
                                                                    "self": 0.003077292999998704
                                                                }
                                                            }
                                                        },
                                                        "UnityEnvironment.step": {
                                                            "total": 0.034059041999999096,
                                                            "count": 1,
                                                            "is_parallel": true,
                                                            "self": 8.254199999946366e-05,
                                                            "children": {
                                                                "UnityEnvironment._generate_step_input": {
                                                                    "total": 0.00016474999999971374,
                                                                    "count": 1,
                                                                    "is_parallel": true,
                                                                    "self": 0.00016474999999971374
                                                                },
                                                                "communicator.exchange": {
                                                                    "total": 0.03358862500000015,
                                                                    "count": 1,
                                                                    "is_parallel": true,
                                                                    "self": 0.03358862500000015
                                                                },
                                                                "steps_from_proto": {
                                                                    "total": 0.00022312499999976865,
                                                                    "count": 1,
                                                                    "is_parallel": true,
                                                                    "self": 0.0001082080000003316,
                                                                    "children": {
                                                                        "_process_rank_one_or_two_observation": {
                                                                            "total": 0.00011491699999943705,
                                                                            "count": 2,
                                                                            "is_parallel": true,
                                                                            "self": 0.00011491699999943705
                                                                        }
                                                                    }
                                                                }
                                                            }
                                                        }
                                                    }
                                                },